抽選回,抽選日,第1数字,第2数字,第3数字,第4数字,第5数字,第6数字,第7数字,ボーナス数字1,ボーナス数字2
1,2013/04/05,7,10,12,17,23,28,34,3,15
2,2013/04/12,2,5,13,18,21,31,36,9,27
3,2013/04/19,1,8,14,19,25,30,37,4,22
4,2013/04/26,6,11,16,20,24,29,33,7,35
5,2013/05/03,3,9,15,22,26,32,34,1,18
6,2013/05/10,4,12,17,21,23,28,36,5,30
7,2013/05/17,2,6,10,18,27,31,35,8,24
8,2013/05/24,1,7,13,16,20,29,37,11,33
9,2013/05/31,5,9,14,22,25,30,34,2,19
10,2013/06/07,3,8,12,17,26,32,36,6,21
11,2013/06/14,4,10,15,19,23,28,35,7,31
12,2013/06/21,1,6,11,18,24,29,33,9,37
13,2013/06/28,2,7,14,20,25,30,36,3,22
14,2013/07/05,5,8,13,17,21,27,34,10,32
15,2013/07/12,3,9,16,22,26,31,37,4,28
16,2013/07/19,1,10,12,18,23,29,35,6,24
17,2013/07/26,4,7,15,19,25,30,33,8,36
18,2013/08/02,2,6,14,20,22,28,34,11,31
19,2013/08/09,5,9,13,17,26,32,37,1,21
20,2013/08/16,3,8,11,18,24,29,36,7,35
21,2013/08/23,4,10,16,19,23,31,34,6,27
22,2013/08/30,1,7,12,20,25,30,37,9,33
23,2013/09/06,2,8,15,21,26,28,35,4,17
24,2013/09/13,5,11,14,18,22,32,36,3,29
25,2013/09/20,6,9,13,19,24,31,34,8,30
26,2013/09/27,1,10,16,20,23,27,37,2,35
27,2013/10/04,3,7,12,18,25,29,33,5,21
28,2013/10/11,4,8,15,22,26,30,36,6,34
29,2013/10/18,2,9,14,17,24,32,35,1,28
30,2013/10/25,5,11,13,19,23,31,37,7,27
31,2013/11/01,1,6,16,20,25,29,34,3,22
32,2013/11/08,4,10,12,18,26,30,36,8,33
33,2013/11/15,2,7,15,21,24,28,35,5,31
34,2013/11/22,3,9,14,19,23,32,37,6,25
35,2013/11/29,5,8,13,17,22,29,34,1,30
36,2013/12/06,4,11,16,20,26,31,36,7,28
37,2013/12/13,1,6,12,18,24,30,35,9,33
38,2013/12/20,2,10,15,21,25,29,37,3,22
39,2013/12/27,5,7,14,19,23,32,34,8,36
40,2014/01/03,3,9,13,17,26,28,35,4,31
41,2014/01/10,1,3,7,9,11,14,36,12,29
42,2014/01/17,5,12,14,15,21,24,32,1,8
43,2014/01/24,2,12,17,24,28,33,34,15,37
44,2014/01/31,10,12,17,22,23,31,34,7,16
45,2014/02/07,1,2,10,22,24,32,37,28,29
46,2014/02/14,2,15,19,20,21,24,27,29,36
47,2014/02/21,9,15,17,18,25,26,29,21,36
48,2014/02/28,3,5,12,17,27,34,37,26,35
49,2014/03/07,9,13,14,16,24,32,35,3,25
50,2014/03/14,2,3,10,15,20,36,37,5,16
51,2014/03/21,3,9,18,20,29,32,34,24,31
52,2014/03/28,2,6,7,14,25,29,36,13,21
53,2014/04/04,3,4,10,14,16,35,36,6,31
54,2014/04/11,5,9,10,15,17,30,37,13,16
55,2014/04/18,7,9,10,17,31,32,35,14,25
56,2014/04/25,2,10,16,19,25,30,36,4,20
57,2014/05/02,4,5,19,24,27,31,32,10,16
58,2014/05/09,5,9,15,18,32,34,37,2,6
59,2014/05/16,5,8,11,12,14,21,34,17,27
60,2014/05/23,4,11,18,21,25,31,36,5,23
61,2014/05/30,3,7,8,21,22,31,36,6,27
62,2014/06/06,1,10,15,19,21,22,37,2,28
63,2014/06/13,8,14,16,24,27,29,35,15,31
64,2014/06/20,1,2,6,7,29,31,36,4,28
65,2014/06/27,9,13,14,18,25,26,37,2,7
66,2014/07/04,2,3,4,9,10,12,25,5,34
67,2014/07/11,12,17,23,25,26,27,30,13,37
68,2014/07/18,1,3,11,17,22,30,31,9,24
69,2014/07/25,1,8,17,22,25,33,35,34,36
70,2014/08/01,8,14,15,22,30,35,36,27,34
71,2014/08/08,6,7,14,15,19,21,27,25,30
72,2014/08/15,3,9,11,12,28,29,35,36,37
73,2014/08/22,1,10,13,21,22,25,32,20,24
74,2014/08/29,2,15,21,24,27,30,34,5,31
75,2014/09/05,3,4,14,15,22,30,35,7,34
76,2014/09/12,1,3,15,20,23,33,36,4,37
77,2014/09/19,8,11,17,20,22,25,26,23,35
78,2014/09/26,1,5,18,20,26,27,37,19,23
79,2014/10/03,2,4,5,21,25,33,36,29,37
80,2014/10/10,4,14,15,16,17,28,36,10,33
81,2014/10/17,2,4,12,17,24,29,36,22,37
82,2014/10/24,4,14,16,21,24,32,37,9,22
83,2014/10/31,3,9,10,16,21,24,37,4,29
84,2014/11/07,2,6,8,15,19,27,35,13,18
85,2014/11/14,1,5,6,7,16,34,36,14,19
86,2014/11/21,5,22,23,26,30,32,36,1,8
87,2014/11/28,8,9,10,14,19,32,37,6,30
88,2014/12/05,3,6,9,10,16,34,35,1,12
89,2014/12/12,9,17,18,23,24,31,34,1,29
90,2014/12/19,7,11,16,26,33,35,37,4,25
91,2014/12/26,1,9,11,27,32,33,37,22,25
92,2015/01/02,9,18,20,22,29,34,36,14,37
93,2015/01/09,2,9,23,25,26,30,35,18,20
94,2015/01/16,2,3,10,13,14,34,37,16,32
95,2015/01/23,1,8,11,15,18,21,29,22,23
96,2015/01/30,9,12,13,18,28,33,36,4,17
97,2015/02/06,3,6,15,22,24,33,34,1,32
98,2015/02/13,3,5,9,20,24,26,32,7,35
99,2015/02/20,4,5,16,21,23,30,32,20,33
100,2015/02/27,5,21,22,25,29,30,34,19,27
101,2015/03/06,11,14,16,17,26,27,35,8,19
102,2015/03/13,4,9,11,13,22,23,31,8,14
103,2015/03/20,11,12,16,18,33,34,37,28,30
104,2015/03/27,5,9,11,13,14,20,29,2,26
105,2015/04/03,3,14,25,27,31,33,34,13,36
106,2015/04/10,9,13,18,23,27,30,37,4,31
107,2015/04/17,5,7,18,26,28,32,35,4,12
108,2015/04/24,5,10,14,20,27,33,36,3,35
109,2015/05/01,8,9,11,17,19,24,27,13,23
110,2015/05/08,2,3,5,12,16,21,29,30,34
111,2015/05/15,6,11,25,27,28,34,37,14,21
112,2015/05/22,4,6,17,22,33,34,36,2,19
113,2015/05/29,4,9,20,30,31,32,37,6,24
114,2015/06/05,2,12,19,21,24,25,27,14,35
115,2015/06/12,1,11,13,15,23,29,37,7,10
116,2015/06/19,6,8,12,15,26,27,33,10,30
117,2015/06/26,1,6,15,19,25,28,29,17,33
118,2015/07/03,6,13,27,29,30,32,34,4,31
119,2015/07/10,3,4,9,10,20,26,36,21,30
120,2015/07/17,3,10,12,19,27,29,31,9,26
121,2015/07/24,3,4,11,18,27,32,36,13,17
122,2015/07/31,1,8,11,12,26,30,31,22,37
123,2015/08/07,11,13,16,25,31,34,36,4,22
124,2015/08/14,8,14,20,22,23,27,36,3,4
125,2015/08/21,4,17,18,21,27,30,31,8,20
126,2015/08/28,8,11,17,20,21,29,30,4,34
127,2015/09/04,9,14,15,24,27,30,32,20,26
128,2015/09/11,2,8,10,17,19,20,28,16,34
129,2015/09/18,2,7,10,12,27,28,37,14,19
130,2015/09/25,7,15,18,21,30,33,34,10,29
131,2015/10/02,2,4,11,14,18,26,33,9,36
132,2015/10/09,2,9,13,14,18,32,34,3,10
133,2015/10/16,1,8,19,20,21,29,34,16,26
134,2015/10/23,1,7,10,11,12,22,27,24,26
135,2015/10/30,6,9,10,25,27,30,34,11,17
136,2015/11/06,1,5,14,15,19,21,33,24,29
137,2015/11/13,7,8,9,10,13,17,24,2,3
138,2015/11/20,1,11,19,20,22,24,28,13,29
139,2015/11/27,9,12,15,17,26,29,31,1,30
140,2015/12/04,6,15,19,22,24,28,31,23,37
141,2015/12/11,4,8,11,14,19,29,30,5,20
142,2015/12/18,5,14,19,23,25,30,35,20,22
143,2015/12/25,1,4,7,18,25,30,32,19,21
144,2016/01/01,1,13,16,18,21,25,27,3,36
145,2016/01/08,11,13,20,24,29,34,37,4,18
146,2016/01/15,4,9,13,18,23,26,34,8,30
147,2016/01/22,2,7,10,16,20,25,37,34,35
148,2016/01/29,3,4,13,28,29,32,37,5,24
149,2016/02/05,3,6,16,17,19,25,30,14,36
150,2016/02/12,2,10,14,18,23,25,28,3,27
151,2016/02/19,2,4,5,11,18,24,33,7,31
152,2016/02/26,1,8,10,18,19,22,30,12,33
153,2016/03/04,12,16,18,19,33,35,36,10,15
154,2016/03/11,5,14,16,17,25,27,34,13,36
155,2016/03/18,8,12,28,29,31,33,35,24,36
156,2016/03/25,10,11,13,16,17,24,32,29,33
157,2016/04/01,1,2,5,12,29,34,37,32,35
158,2016/04/08,14,16,27,32,33,36,37,5,15
159,2016/04/15,9,19,20,26,30,34,37,11,33
160,2016/04/22,3,4,8,12,21,29,36,15,22
161,2016/04/29,5,11,17,28,32,34,36,14,31
162,2016/05/06,5,8,10,11,31,32,33,15,21
163,2016/05/13,4,11,12,14,15,30,31,7,8
164,2016/05/20,1,7,11,14,17,27,31,26,37
165,2016/05/27,6,11,13,14,20,24,33,23,36
166,2016/06/03,5,7,12,20,22,24,35,31,32
167,2016/06/10,1,12,15,27,28,35,37,13,33
168,2016/06/17,2,3,8,13,17,34,36,11,24
169,2016/06/24,7,20,22,23,24,26,37,17,30
170,2016/07/01,8,10,15,16,19,33,35,6,9
171,2016/07/08,1,21,23,24,29,32,35,11,12
172,2016/07/15,1,4,6,13,15,16,27,9,17
173,2016/07/22,3,5,8,17,25,30,37,15,29
174,2016/07/29,9,15,22,26,34,35,37,13,20
175,2016/08/05,4,11,15,17,24,25,34,12,21
176,2016/08/12,7,9,15,16,24,25,37,12,27
177,2016/08/19,12,14,17,19,31,32,35,34,37
178,2016/08/26,9,25,29,32,35,36,37,15,24
179,2016/09/02,2,7,9,22,28,29,31,24,27
180,2016/09/09,2,14,16,18,19,24,29,22,33
